<?xml version="1.0" encoding="UTF-8"?>
<b:beans 
	xmlns="http://www.springframework.org/schema/security"
	xmlns:xsi="http://www.w3.org/2001/XMLSchema-instance"
	xmlns:b="http://www.springframework.org/schema/beans"
	xmlns:c="http://www.springframework.org/schema/c"
	xmlns:p="http://www.springframework.org/schema/p"
	xsi:schemaLocation="http://www.springframework.org/schema/security http://www.springframework.org/schema/security/spring-security-4.2.xsd
		http://www.springframework.org/schema/beans http://www.springframework.org/schema/beans/spring-beans.xsd">

<!--  = PasswordEncoderFactories.createDelegatingPasswordEncoder(); -->

	<b:bean id="passwordEncoder" class="org.springframework.security.crypto.factory.PasswordEncoderFactories" 
		factory-method="createDelegatingPasswordEncoder"
	/>
	
	<authentication-manager id="authenticationManager">
		<authentication-provider user-service-ref="memberDAO">
			<password-encoder ref="passwordEncoder" />
		</authentication-provider>
	</authentication-manager>
	
	<http auto-config="true">
		<form-login
			login-page="/login/loginForm.jsp"
			login-processing-url="/login/loginProcess.do"
			username-parameter="memId"
			password-parameter="memPass"
		/>
		
		
		<logout logout-url="/login/logout.do" logout-success-url="/" invalidate-session="true"/>
		
		
		<intercept-url pattern="/member/memberList.do" access="hasRole('ROLE_ADMIN')"/>
		<intercept-url pattern="/member/memberView.do" access="hasRole('ROLE_ADMIN')"/>
		<intercept-url pattern="/member/memberDelete.do" access="hasRole('ROLE_USER')"/>
		<intercept-url pattern="/member/memberUpdate.do" access="isAuthenticated()"/>
		<intercept-url pattern="/prod/prodInsert.do" access="hasRole('ROLE_ADMIN')"/>
		<intercept-url pattern="/prod/prodUpdate.do" access="hasRole('ROLE_ADMIN')"/>
				
		<intercept-url pattern="/mypage.do" access="hasAnyRole(['ROLE_ADMIN', 'ROLE_USER'])"/>
		<intercept-url pattern="/member/memberInsert.do" access="isAnonymous()"/>
		<intercept-url pattern="/login/loginForm.jsp" access="isAnonymous()"/>
		<intercept-url pattern="/login/loginProcess.do" access="isAnonymous()"/>
		<intercept-url pattern="/login/*" access="isAuthenticated()"/>
		
		<csrf disabled="false"/>
	</http>
</b:beans>







