<?xml version="1.0" encoding="UTF-8"?>
<!DOCTYPE tiles-definitions PUBLIC "-//Apache Software Foundation//DTD Tiles Configuration 3.0//EN" "http://tiles.apache.org/dtds/tiles-config_3_0.dtd" >
<tiles-definitions>
  <definition name="simpleParent" template="/WEB-INF/views/simpleTemplate.jsp">
  	<put-attribute name="preScript" value="/includee/preScript.jsp" />
  	<put-attribute name="headerMenu" value="/includee/headerMenu.jsp" />
  	<put-attribute name="postScript" value="/includee/postScript.jsp" />
  </definition>
  <definition name="loginForm" extends="simpleParent">
  	<put-attribute name="title" value="로그인"/>
  	<put-attribute name="content" value="/WEB-INF/views/login/loginForm.jsp"/>
  </definition>
</tiles-definitions>
