<?xml version="1.0" encoding="UTF-8"?>
<beans xmlns="http://www.springframework.org/schema/beans"
	xmlns:xsi="http://www.w3.org/2001/XMLSchema-instance"
	xmlns:c="http://www.springframework.org/schema/c"
	xmlns:p="http://www.springframework.org/schema/p"
	xmlns:util="http://www.springframework.org/schema/util"
	xsi:schemaLocation="http://www.springframework.org/schema/beans http://www.springframework.org/schema/beans/spring-beans.xsd
		http://www.springframework.org/schema/util http://www.springframework.org/schema/util/spring-util-4.3.xsd">

	<util:map id="oracleDB" key-type="java.lang.String" value-type="java.lang.String">
		<entry key="PK_1" value="oralce 레코드 1" />
		<entry key="PK_2" value="oralce 레코드 2" />
		<entry key="PK_3" value="oralce 레코드 3" />
	</util:map>
	<util:map id="postgreDB" key-type="java.lang.String" value-type="java.lang.String">
		<entry key="PK_1" value="postgre 레코드 1" />
		<entry key="PK_2" value="postgre 레코드 2" />
		<entry key="PK_3" value="postgre 레코드 3" />
	</util:map>
</beans>
